<?xml version="1.0" encoding="UTF-8"?>
<GenRun Id="synth_1" LaunchPart="xc7a35tcpg236-1" LaunchTime="1681748502">
  <File Type="PA-TCL" Name="pong.tcl"/>
  <File Type="RDS-PROPCONSTRS" Name="pong_drc_synth.rpt"/>
  <File Type="REPORTS-TCL" Name="pong_reports.tcl"/>
  <File Type="RDS-RDS" Name="pong.vds"/>
  <File Type="RDS-UTIL" Name="pong_utilization_synth.rpt"/>
  <File Type="RDS-UTIL-PB" Name="pong_utilization_synth.pb"/>
  <File Type="RDS-DCP" Name="pong.dcp"/>
  <File Type="VDS-TIMINGSUMMARY" Name="pong_timing_summary_synth.rpt"/>
  <File Type="VDS-TIMING-PB" Name="pong_timing_summary_synth.pb"/>
  <FileSet Name="sources" Type="DesignSrcs" RelSrcDir="$PSRCDIR/sources_1" RelGenDir="$PGENDIR/sources_1">
    <Filter Type="Srcs"/>
    <File Path="$PSRCDIR/sources_1/imports/project_pong_e/divisorFrec.vhd">
      <FileInfo>
        <Attr Name="ImportPath" Val="$PPRDIR/divisorFrec.vhd"/>
        <Attr Name="ImportTime" Val="1680887294"/>
        <Attr Name="UsedIn" Val="synthesis"/>
        <Attr Name="UsedIn" Val="simulation"/>
      </FileInfo>
    </File>
    <File Path="$PSRCDIR/sources_1/imports/project_pong_e/p7.vhd">
      <FileInfo>
        <Attr Name="ImportPath" Val="$PPRDIR/p7.vhd"/>
        <Attr Name="ImportTime" Val="1680887294"/>
        <Attr Name="UsedIn" Val="synthesis"/>
        <Attr Name="UsedIn" Val="simulation"/>
      </FileInfo>
    </File>
    <File Path="$PSRCDIR/sources_1/imports/project_pong_e/pong.vhd">
      <FileInfo>
        <Attr Name="ImportPath" Val="$PPRDIR/pong.vhd"/>
        <Attr Name="ImportTime" Val="1680887294"/>
        <Attr Name="UsedIn" Val="synthesis"/>
        <Attr Name="UsedIn" Val="simulation"/>
      </FileInfo>
    </File>
    <Config>
      <Option Name="DesignMode" Val="RTL"/>
      <Option Name="TopModule" Val="pong"/>
      <Option Name="TopAutoSet" Val="TRUE"/>
    </Config>
  </FileSet>
  <FileSet Name="constrs_in" Type="Constrs" RelSrcDir="$PSRCDIR/constrs_1">
    <Filter Type="Constrs"/>
    <File Path="$PSRCDIR/constrs_1/imports/project_pong_e/const_generico.xdc">
      <FileInfo>
        <Attr Name="ImportPath" Val="$PPRDIR/const_generico.xdc"/>
        <Attr Name="ImportTime" Val="1680887294"/>
        <Attr Name="UsedIn" Val="synthesis"/>
        <Attr Name="UsedIn" Val="implementation"/>
      </FileInfo>
    </File>
    <Config>
      <Option Name="ConstrsType" Val="XDC"/>
    </Config>
  </FileSet>
  <FileSet Name="utils" Type="Utils" RelSrcDir="$PSRCDIR/utils_1">
    <Filter Type="Utils"/>
    <Config>
      <Option Name="TopAutoSet" Val="TRUE"/>
    </Config>
  </FileSet>
  <Strategy Version="1" Minor="2">
    <StratHandle Name="Vivado Synthesis Defaults" Flow="Vivado Synthesis 2020"/>
    <Step Id="synth_design"/>
  </Strategy>
</GenRun>
