<?xml version="1.0" encoding="UTF-8"?>
<GenRun Id="impl_1" LaunchPart="xc7a35tcpg236-1" LaunchTime="1681730034">
  <File Type="BITSTR-BMM" Name="pong_bd.bmm"/>
  <File Type="OPT-METHODOLOGY-DRC" Name="pong_methodology_drc_opted.rpt"/>
  <File Type="INIT-TIMING" Name="pong_timing_summary_init.rpt"/>
  <File Type="ROUTE-PWR" Name="pong_power_routed.rpt"/>
  <File Type="PA-TCL" Name="pong.tcl"/>
  <File Type="OPT-TIMING" Name="pong_timing_summary_opted.rpt"/>
  <File Type="OPT-DCP" Name="pong_opt.dcp"/>
  <File Type="ROUTE-PWR-SUM" Name="pong_power_summary_routed.pb"/>
  <File Type="REPORTS-TCL" Name="pong_reports.tcl"/>
  <File Type="OPT-DRC" Name="pong_drc_opted.rpt"/>
  <File Type="OPT-HWDEF" Name="pong.hwdef"/>
  <File Type="PWROPT-DCP" Name="pong_pwropt.dcp"/>
  <File Type="PWROPT-DRC" Name="pong_drc_pwropted.rpt"/>
  <File Type="PWROPT-TIMING" Name="pong_timing_summary_pwropted.rpt"/>
  <File Type="PLACE-DCP" Name="pong_placed.dcp"/>
  <File Type="PLACE-IO" Name="pong_io_placed.rpt"/>
  <File Type="PLACE-CLK" Name="pong_clock_utilization_placed.rpt"/>
  <File Type="PLACE-UTIL" Name="pong_utilization_placed.rpt"/>
  <File Type="PLACE-UTIL-PB" Name="pong_utilization_placed.pb"/>
  <File Type="PLACE-CTRL" Name="pong_control_sets_placed.rpt"/>
  <File Type="PLACE-SIMILARITY" Name="pong_incremental_reuse_placed.rpt"/>
  <File Type="PLACE-PRE-SIMILARITY" Name="pong_incremental_reuse_pre_placed.rpt"/>
  <File Type="PLACE-TIMING" Name="pong_timing_summary_placed.rpt"/>
  <File Type="POSTPLACE-PWROPT-DCP" Name="pong_postplace_pwropt.dcp"/>
  <File Type="BG-BIN" Name="pong.bin"/>
  <File Type="POSTPLACE-PWROPT-TIMING" Name="pong_timing_summary_postplace_pwropted.rpt"/>
  <File Type="PHYSOPT-DCP" Name="pong_physopt.dcp"/>
  <File Type="PHYSOPT-DRC" Name="pong_drc_physopted.rpt"/>
  <File Type="BITSTR-MSK" Name="pong.msk"/>
  <File Type="PHYSOPT-TIMING" Name="pong_timing_summary_physopted.rpt"/>
  <File Type="ROUTE-ERROR-DCP" Name="pong_routed_error.dcp"/>
  <File Type="ROUTE-DCP" Name="pong_routed.dcp"/>
  <File Type="ROUTE-BLACKBOX-DCP" Name="pong_routed_bb.dcp"/>
  <File Type="ROUTE-DRC" Name="pong_drc_routed.rpt"/>
  <File Type="ROUTE-DRC-PB" Name="pong_drc_routed.pb"/>
  <File Type="ROUTE-DRC-RPX" Name="pong_drc_routed.rpx"/>
  <File Type="BITSTR-MMI" Name="pong.mmi"/>
  <File Type="ROUTE-METHODOLOGY-DRC" Name="pong_methodology_drc_routed.rpt"/>
  <File Type="ROUTE-METHODOLOGY-DRC-RPX" Name="pong_methodology_drc_routed.rpx"/>
  <File Type="ROUTE-METHODOLOGY-DRC-PB" Name="pong_methodology_drc_routed.pb"/>
  <File Type="ROUTE-PWR-RPX" Name="pong_power_routed.rpx"/>
  <File Type="ROUTE-STATUS" Name="pong_route_status.rpt"/>
  <File Type="ROUTE-STATUS-PB" Name="pong_route_status.pb"/>
  <File Type="ROUTE-TIMINGSUMMARY" Name="pong_timing_summary_routed.rpt"/>
  <File Type="ROUTE-TIMING-PB" Name="pong_timing_summary_routed.pb"/>
  <File Type="ROUTE-TIMING-RPX" Name="pong_timing_summary_routed.rpx"/>
  <File Type="ROUTE-SIMILARITY" Name="pong_incremental_reuse_routed.rpt"/>
  <File Type="ROUTE-CLK" Name="pong_clock_utilization_routed.rpt"/>
  <File Type="ROUTE-BUS-SKEW" Name="pong_bus_skew_routed.rpt"/>
  <File Type="ROUTE-BUS-SKEW-PB" Name="pong_bus_skew_routed.pb"/>
  <File Type="ROUTE-BUS-SKEW-RPX" Name="pong_bus_skew_routed.rpx"/>
  <File Type="POSTROUTE-PHYSOPT-DCP" Name="pong_postroute_physopt.dcp"/>
  <File Type="POSTROUTE-PHYSOPT-BLACKBOX-DCP" Name="pong_postroute_physopt_bb.dcp"/>
  <File Type="POSTROUTE-PHYSOPT-TIMING" Name="pong_timing_summary_postroute_physopted.rpt"/>
  <File Type="POSTROUTE-PHYSOPT-TIMING-PB" Name="pong_timing_summary_postroute_physopted.pb"/>
  <File Type="POSTROUTE-PHYSOPT-TIMING-RPX" Name="pong_timing_summary_postroute_physopted.rpx"/>
  <File Type="POSTROUTE-PHYSOPT-BUS-SKEW" Name="pong_bus_skew_postroute_physopted.rpt"/>
  <File Type="POSTROUTE-PHYSOPT-BUS-SKEW-PB" Name="pong_bus_skew_postroute_physopted.pb"/>
  <File Type="BG-BIT" Name="pong.bit"/>
  <File Type="POSTROUTE-PHYSOPT-BUS-SKEW-RPX" Name="pong_bus_skew_postroute_physopted.rpx"/>
  <File Type="BITSTR-RBT" Name="pong.rbt"/>
  <File Type="BITSTR-NKY" Name="pong.nky"/>
  <File Type="PDI-FILE" Name="pong.pdi"/>
  <File Type="RCFI_FILE" Name="pong.rcfi"/>
  <File Type="CFI_FILE" Name="pong.cfi"/>
  <File Type="RNPI_FILE" Name="pong.rnpi"/>
  <File Type="NPI_FILE" Name="pong.npi"/>
  <File Type="RBD_FILE" Name="pong.rbd"/>
  <File Type="BITSTR-LTX" Name="debug_nets.ltx"/>
  <File Type="BITSTR-LTX" Name="pong.ltx"/>
  <File Type="BITSTR-SYSDEF" Name="pong.sysdef"/>
  <File Type="BG-BGN" Name="pong.bgn"/>
  <File Type="BG-DRC" Name="pong.drc"/>
  <File Type="RDI-RDI" Name="pong.vdi"/>
  <File Type="WBT-USG" Name="usage_statistics_webtalk.html"/>
  <FileSet Name="sources" Type="DesignSrcs" RelSrcDir="$PSRCDIR/sources_1" RelGenDir="$PGENDIR/sources_1">
    <Filter Type="Srcs"/>
    <File Path="$PSRCDIR/sources_1/imports/project_pong_d/divisorFrec.vhd">
      <FileInfo>
        <Attr Name="ImportPath" Val="$PPRDIR/divisorFrec.vhd"/>
        <Attr Name="ImportTime" Val="1680887292"/>
        <Attr Name="UsedIn" Val="synthesis"/>
        <Attr Name="UsedIn" Val="simulation"/>
      </FileInfo>
    </File>
    <File Path="$PSRCDIR/sources_1/imports/project_pong_d/p7.vhd">
      <FileInfo>
        <Attr Name="ImportPath" Val="$PPRDIR/p7.vhd"/>
        <Attr Name="ImportTime" Val="1680887292"/>
        <Attr Name="UsedIn" Val="synthesis"/>
        <Attr Name="UsedIn" Val="simulation"/>
      </FileInfo>
    </File>
    <File Path="$PSRCDIR/sources_1/imports/project_pong_d/pong.vhd">
      <FileInfo>
        <Attr Name="ImportPath" Val="$PPRDIR/pong.vhd"/>
        <Attr Name="ImportTime" Val="1680887292"/>
        <Attr Name="UsedIn" Val="synthesis"/>
        <Attr Name="UsedIn" Val="simulation"/>
      </FileInfo>
    </File>
    <Config>
      <Option Name="DesignMode" Val="RTL"/>
      <Option Name="TopModule" Val="pong"/>
      <Option Name="TopAutoSet" Val="TRUE"/>
    </Config>
  </FileSet>
  <FileSet Name="constrs_in" Type="Constrs" RelSrcDir="$PSRCDIR/constrs_1">
    <Filter Type="Constrs"/>
    <File Path="$PSRCDIR/constrs_1/imports/project_pong_d/const_generico.xdc">
      <FileInfo>
        <Attr Name="ImportPath" Val="$PPRDIR/const_generico.xdc"/>
        <Attr Name="ImportTime" Val="1680887292"/>
        <Attr Name="UsedIn" Val="synthesis"/>
        <Attr Name="UsedIn" Val="implementation"/>
      </FileInfo>
    </File>
    <Config>
      <Option Name="ConstrsType" Val="XDC"/>
    </Config>
  </FileSet>
  <FileSet Name="utils" Type="Utils" RelSrcDir="$PSRCDIR/utils_1">
    <Filter Type="Utils"/>
    <Config>
      <Option Name="TopAutoSet" Val="TRUE"/>
    </Config>
  </FileSet>
  <Strategy Version="1" Minor="2">
    <StratHandle Name="Vivado Implementation Defaults" Flow="Vivado Implementation 2020"/>
    <Step Id="init_design"/>
    <Step Id="opt_design"/>
    <Step Id="power_opt_design"/>
    <Step Id="place_design"/>
    <Step Id="post_place_power_opt_design"/>
    <Step Id="phys_opt_design"/>
    <Step Id="route_design"/>
    <Step Id="post_route_phys_opt_design"/>
    <Step Id="write_bitstream"/>
  </Strategy>
</GenRun>
