<?xml version="1.0" encoding="UTF-8"?>
<GenRun Id="impl_1" LaunchPart="xc7a35tcpg236-1" LaunchTime="1681819208">
  <File Type="BITSTR-BMM" Name="divisor_frecuencia_bd.bmm"/>
  <File Type="OPT-METHODOLOGY-DRC" Name="divisor_frecuencia_methodology_drc_opted.rpt"/>
  <File Type="INIT-TIMING" Name="divisor_frecuencia_timing_summary_init.rpt"/>
  <File Type="ROUTE-PWR" Name="divisor_frecuencia_power_routed.rpt"/>
  <File Type="PA-TCL" Name="divisor_frecuencia.tcl"/>
  <File Type="OPT-TIMING" Name="divisor_frecuencia_timing_summary_opted.rpt"/>
  <File Type="OPT-DCP" Name="divisor_frecuencia_opt.dcp"/>
  <File Type="ROUTE-PWR-SUM" Name="divisor_frecuencia_power_summary_routed.pb"/>
  <File Type="REPORTS-TCL" Name="divisor_frecuencia_reports.tcl"/>
  <File Type="OPT-DRC" Name="divisor_frecuencia_drc_opted.rpt"/>
  <File Type="OPT-HWDEF" Name="divisor_frecuencia.hwdef"/>
  <File Type="PWROPT-DCP" Name="divisor_frecuencia_pwropt.dcp"/>
  <File Type="PWROPT-DRC" Name="divisor_frecuencia_drc_pwropted.rpt"/>
  <File Type="PWROPT-TIMING" Name="divisor_frecuencia_timing_summary_pwropted.rpt"/>
  <File Type="PLACE-DCP" Name="divisor_frecuencia_placed.dcp"/>
  <File Type="PLACE-IO" Name="divisor_frecuencia_io_placed.rpt"/>
  <File Type="PLACE-CLK" Name="divisor_frecuencia_clock_utilization_placed.rpt"/>
  <File Type="PLACE-UTIL" Name="divisor_frecuencia_utilization_placed.rpt"/>
  <File Type="PLACE-UTIL-PB" Name="divisor_frecuencia_utilization_placed.pb"/>
  <File Type="PLACE-CTRL" Name="divisor_frecuencia_control_sets_placed.rpt"/>
  <File Type="PLACE-SIMILARITY" Name="divisor_frecuencia_incremental_reuse_placed.rpt"/>
  <File Type="PLACE-PRE-SIMILARITY" Name="divisor_frecuencia_incremental_reuse_pre_placed.rpt"/>
  <File Type="PLACE-TIMING" Name="divisor_frecuencia_timing_summary_placed.rpt"/>
  <File Type="POSTPLACE-PWROPT-DCP" Name="divisor_frecuencia_postplace_pwropt.dcp"/>
  <File Type="BG-BIN" Name="divisor_frecuencia.bin"/>
  <File Type="POSTPLACE-PWROPT-TIMING" Name="divisor_frecuencia_timing_summary_postplace_pwropted.rpt"/>
  <File Type="PHYSOPT-DCP" Name="divisor_frecuencia_physopt.dcp"/>
  <File Type="PHYSOPT-DRC" Name="divisor_frecuencia_drc_physopted.rpt"/>
  <File Type="BITSTR-MSK" Name="divisor_frecuencia.msk"/>
  <File Type="PHYSOPT-TIMING" Name="divisor_frecuencia_timing_summary_physopted.rpt"/>
  <File Type="ROUTE-ERROR-DCP" Name="divisor_frecuencia_routed_error.dcp"/>
  <File Type="ROUTE-DCP" Name="divisor_frecuencia_routed.dcp"/>
  <File Type="ROUTE-BLACKBOX-DCP" Name="divisor_frecuencia_routed_bb.dcp"/>
  <File Type="ROUTE-DRC" Name="divisor_frecuencia_drc_routed.rpt"/>
  <File Type="ROUTE-DRC-PB" Name="divisor_frecuencia_drc_routed.pb"/>
  <File Type="ROUTE-DRC-RPX" Name="divisor_frecuencia_drc_routed.rpx"/>
  <File Type="BITSTR-MMI" Name="divisor_frecuencia.mmi"/>
  <File Type="ROUTE-METHODOLOGY-DRC" Name="divisor_frecuencia_methodology_drc_routed.rpt"/>
  <File Type="ROUTE-METHODOLOGY-DRC-RPX" Name="divisor_frecuencia_methodology_drc_routed.rpx"/>
  <File Type="ROUTE-METHODOLOGY-DRC-PB" Name="divisor_frecuencia_methodology_drc_routed.pb"/>
  <File Type="ROUTE-PWR-RPX" Name="divisor_frecuencia_power_routed.rpx"/>
  <File Type="ROUTE-STATUS" Name="divisor_frecuencia_route_status.rpt"/>
  <File Type="ROUTE-STATUS-PB" Name="divisor_frecuencia_route_status.pb"/>
  <File Type="ROUTE-TIMINGSUMMARY" Name="divisor_frecuencia_timing_summary_routed.rpt"/>
  <File Type="ROUTE-TIMING-PB" Name="divisor_frecuencia_timing_summary_routed.pb"/>
  <File Type="ROUTE-TIMING-RPX" Name="divisor_frecuencia_timing_summary_routed.rpx"/>
  <File Type="ROUTE-SIMILARITY" Name="divisor_frecuencia_incremental_reuse_routed.rpt"/>
  <File Type="ROUTE-CLK" Name="divisor_frecuencia_clock_utilization_routed.rpt"/>
  <File Type="ROUTE-BUS-SKEW" Name="divisor_frecuencia_bus_skew_routed.rpt"/>
  <File Type="ROUTE-BUS-SKEW-PB" Name="divisor_frecuencia_bus_skew_routed.pb"/>
  <File Type="ROUTE-BUS-SKEW-RPX" Name="divisor_frecuencia_bus_skew_routed.rpx"/>
  <File Type="POSTROUTE-PHYSOPT-DCP" Name="divisor_frecuencia_postroute_physopt.dcp"/>
  <File Type="POSTROUTE-PHYSOPT-BLACKBOX-DCP" Name="divisor_frecuencia_postroute_physopt_bb.dcp"/>
  <File Type="POSTROUTE-PHYSOPT-TIMING" Name="divisor_frecuencia_timing_summary_postroute_physopted.rpt"/>
  <File Type="POSTROUTE-PHYSOPT-TIMING-PB" Name="divisor_frecuencia_timing_summary_postroute_physopted.pb"/>
  <File Type="POSTROUTE-PHYSOPT-TIMING-RPX" Name="divisor_frecuencia_timing_summary_postroute_physopted.rpx"/>
  <File Type="POSTROUTE-PHYSOPT-BUS-SKEW" Name="divisor_frecuencia_bus_skew_postroute_physopted.rpt"/>
  <File Type="POSTROUTE-PHYSOPT-BUS-SKEW-PB" Name="divisor_frecuencia_bus_skew_postroute_physopted.pb"/>
  <File Type="BG-BIT" Name="divisor_frecuencia.bit"/>
  <File Type="POSTROUTE-PHYSOPT-BUS-SKEW-RPX" Name="divisor_frecuencia_bus_skew_postroute_physopted.rpx"/>
  <File Type="BITSTR-RBT" Name="divisor_frecuencia.rbt"/>
  <File Type="BITSTR-NKY" Name="divisor_frecuencia.nky"/>
  <File Type="PDI-FILE" Name="divisor_frecuencia.pdi"/>
  <File Type="RCFI_FILE" Name="divisor_frecuencia.rcfi"/>
  <File Type="CFI_FILE" Name="divisor_frecuencia.cfi"/>
  <File Type="RNPI_FILE" Name="divisor_frecuencia.rnpi"/>
  <File Type="NPI_FILE" Name="divisor_frecuencia.npi"/>
  <File Type="RBD_FILE" Name="divisor_frecuencia.rbd"/>
  <File Type="BITSTR-LTX" Name="debug_nets.ltx"/>
  <File Type="BITSTR-LTX" Name="divisor_frecuencia.ltx"/>
  <File Type="BITSTR-SYSDEF" Name="divisor_frecuencia.sysdef"/>
  <File Type="BG-BGN" Name="divisor_frecuencia.bgn"/>
  <File Type="BG-DRC" Name="divisor_frecuencia.drc"/>
  <File Type="RDI-RDI" Name="divisor_frecuencia.vdi"/>
  <File Type="WBT-USG" Name="usage_statistics_webtalk.html"/>
  <FileSet Name="sources" Type="DesignSrcs" RelSrcDir="$PSRCDIR/sources_1" RelGenDir="$PGENDIR/sources_1">
    <Filter Type="Srcs"/>
    <File Path="$PPRDIR/../PV4/PV4.srcs/sources_1/new/PV4.vhd">
      <FileInfo>
        <Attr Name="UsedIn" Val="synthesis"/>
        <Attr Name="UsedIn" Val="simulation"/>
      </FileInfo>
    </File>
    <File Path="$PPRDIR/../P6/P7/P7.srcs/sources_1/new/P7.vhd">
      <FileInfo>
        <Attr Name="AutoDisabled" Val="1"/>
        <Attr Name="UsedIn" Val="synthesis"/>
        <Attr Name="UsedIn" Val="simulation"/>
      </FileInfo>
    </File>
    <File Path="$PPRDIR/../P6/P6/P6.srcs/sources_1/new/memoria.vhd">
      <FileInfo>
        <Attr Name="AutoDisabled" Val="1"/>
        <Attr Name="UsedIn" Val="synthesis"/>
        <Attr Name="UsedIn" Val="simulation"/>
      </FileInfo>
    </File>
    <Config>
      <Option Name="DesignMode" Val="RTL"/>
      <Option Name="TopModule" Val="divisor_frecuencia"/>
      <Option Name="TopAutoSet" Val="TRUE"/>
    </Config>
  </FileSet>
  <FileSet Name="constrs_in" Type="Constrs" RelSrcDir="$PSRCDIR/constrs_1">
    <Filter Type="Constrs"/>
    <File Path="$PSRCDIR/constrs_1/new/constraints.xdc">
      <FileInfo>
        <Attr Name="UsedIn" Val="synthesis"/>
        <Attr Name="UsedIn" Val="implementation"/>
      </FileInfo>
    </File>
    <Config>
      <Option Name="ConstrsType" Val="XDC"/>
    </Config>
  </FileSet>
  <FileSet Name="utils" Type="Utils" RelSrcDir="$PSRCDIR/utils_1">
    <Filter Type="Utils"/>
    <Config>
      <Option Name="TopAutoSet" Val="TRUE"/>
    </Config>
  </FileSet>
  <Strategy Version="1" Minor="2">
    <StratHandle Name="Vivado Implementation Defaults" Flow="Vivado Implementation 2020"/>
    <Step Id="init_design"/>
    <Step Id="opt_design"/>
    <Step Id="power_opt_design"/>
    <Step Id="place_design"/>
    <Step Id="post_place_power_opt_design"/>
    <Step Id="phys_opt_design"/>
    <Step Id="route_design"/>
    <Step Id="post_route_phys_opt_design"/>
    <Step Id="write_bitstream"/>
  </Strategy>
</GenRun>
