<?xml version="1.0" encoding="UTF-8"?>
<GenRun Id="synth_1" LaunchPart="xc7a35tcpg236-1" LaunchTime="1681819208">
  <File Type="PA-TCL" Name="divisor_frecuencia.tcl"/>
  <File Type="RDS-PROPCONSTRS" Name="divisor_frecuencia_drc_synth.rpt"/>
  <File Type="REPORTS-TCL" Name="divisor_frecuencia_reports.tcl"/>
  <File Type="RDS-RDS" Name="divisor_frecuencia.vds"/>
  <File Type="RDS-UTIL" Name="divisor_frecuencia_utilization_synth.rpt"/>
  <File Type="RDS-UTIL-PB" Name="divisor_frecuencia_utilization_synth.pb"/>
  <File Type="RDS-DCP" Name="divisor_frecuencia.dcp"/>
  <File Type="VDS-TIMINGSUMMARY" Name="divisor_frecuencia_timing_summary_synth.rpt"/>
  <File Type="VDS-TIMING-PB" Name="divisor_frecuencia_timing_summary_synth.pb"/>
  <FileSet Name="sources" Type="DesignSrcs" RelSrcDir="$PSRCDIR/sources_1" RelGenDir="$PGENDIR/sources_1">
    <Filter Type="Srcs"/>
    <File Path="$PPRDIR/../PV4/PV4.srcs/sources_1/new/PV4.vhd">
      <FileInfo>
        <Attr Name="UsedIn" Val="synthesis"/>
        <Attr Name="UsedIn" Val="simulation"/>
      </FileInfo>
    </File>
    <File Path="$PPRDIR/../P6/P7/P7.srcs/sources_1/new/P7.vhd">
      <FileInfo>
        <Attr Name="AutoDisabled" Val="1"/>
        <Attr Name="UsedIn" Val="synthesis"/>
        <Attr Name="UsedIn" Val="simulation"/>
      </FileInfo>
    </File>
    <File Path="$PPRDIR/../P6/P6/P6.srcs/sources_1/new/memoria.vhd">
      <FileInfo>
        <Attr Name="AutoDisabled" Val="1"/>
        <Attr Name="UsedIn" Val="synthesis"/>
        <Attr Name="UsedIn" Val="simulation"/>
      </FileInfo>
    </File>
    <Config>
      <Option Name="DesignMode" Val="RTL"/>
      <Option Name="TopModule" Val="divisor_frecuencia"/>
      <Option Name="TopAutoSet" Val="TRUE"/>
    </Config>
  </FileSet>
  <FileSet Name="constrs_in" Type="Constrs" RelSrcDir="$PSRCDIR/constrs_1">
    <Filter Type="Constrs"/>
    <File Path="$PSRCDIR/constrs_1/new/constraints.xdc">
      <FileInfo>
        <Attr Name="UsedIn" Val="synthesis"/>
        <Attr Name="UsedIn" Val="implementation"/>
      </FileInfo>
    </File>
    <Config>
      <Option Name="ConstrsType" Val="XDC"/>
    </Config>
  </FileSet>
  <FileSet Name="utils" Type="Utils" RelSrcDir="$PSRCDIR/utils_1">
    <Filter Type="Utils"/>
    <Config>
      <Option Name="TopAutoSet" Val="TRUE"/>
    </Config>
  </FileSet>
  <Strategy Version="1" Minor="2">
    <StratHandle Name="Vivado Synthesis Defaults" Flow="Vivado Synthesis 2020"/>
    <Step Id="synth_design"/>
  </Strategy>
</GenRun>
